{
    "lpips": 0.10203657299280167,
    "pieapp": -0.2090621292591095,
    "psnr": 26.900434494018555,
    "ssim": 0.7825242877006531
}